{
  "_fv": 43,
  "_type": "rangeditem",
  "definition": {
    "renderType": 0,
    "texture": "endest_pearl",
    "customModelName": "Normal",
    "name": "Endest Pearl",
    "specialInfo": [],
    "creativeTab": {
      "value": "CUSTOM:Avaritiat"
    },
    "stackSize": 64,
    "ammoItem": {
      "value": ""
    },
    "shootConstantly": false,
    "usageCount": 0,
    "actionSound": {
      "value": ""
    },
    "hasGlow": false,
    "animation": "none",
    "enableMeleeDamage": false,
    "damageVsEntity": 0.0,
    "bulletPower": 1.5,
    "bulletDamage": 0.0,
    "bulletKnockback": 0,
    "bulletParticles": false,
    "bulletIgnitesFire": false,
    "bulletItemTexture": {
      "value": "CUSTOM:EndestPearl"
    },
    "bulletModel": "Default",
    "customBulletModelTexture": "",
    "onBulletHitsBlock": {
      "name": "SpawnHole"
    },
    "onBulletHitsEntity": {
      "name": "SpawnHole"
    }
  }
}