{
  "_fv": 43,
  "_type": "tool",
  "definition": {
    "renderType": 0,
    "texture": "infinity_sword_layer_0",
    "customModelName": "Normal",
    "name": "Infinity Sword",
    "specialInfo": [],
    "creativeTab": {
      "value": "CUSTOM:Avaritiat"
    },
    "toolType": "Sword",
    "harvestLevel": 10,
    "efficiency": 15.0,
    "attackSpeed": 2.0,
    "enchantability": 25,
    "damageVsEntity": 10.0,
    "usageCount": 9999,
    "blocksAffected": [],
    "hasGlow": false,
    "repairItems": [],
    "immuneToFire": true,
    "stayInGridWhenCrafting": false,
    "damageOnCrafting": false,
    "onEntityHitWith": {
      "name": "KillEntity"
    }
  }
}